Category, Price, Wattage, Name, Source
ENERGY STAR Clothes Washers,448.2,NA,Whirlpool 3.8 cu. ft. High-Efficiency Top Load Washer in White ENERGY STAR,http://www.homedepot.com/p/Whirlpool-3-8-cu-ft-High-Efficiency-Top-Load-Washer-in-White-ENERGY-STAR-WTW4900BW/204307121
ENERGY STAR Clothes Washers,493.2,NA,Samsung 4.0 cu. ft. High-Efficiency Top Load Washer in White ENERGY STAR,http://www.homedepot.com/p/Samsung-4-0-cu-ft-High-Efficiency-Top-Load-Washer-in-White-ENERGY-STAR-WA400PJHDWR/203673143
ENERGY STAR Clothes Washers,493.2,NA,GE 3.9 cu. ft. DOE Top Load Washer in White ENERGY STAR,http://www.homedepot.com/p/GE-3-9-cu-ft-DOE-Top-Load-Washer-in-White-ENERGY-STAR-GHWN4250DWW/203239841
ENERGY STAR Clothes Washers,493.2,NA,GE 3.9 cu. ft. High-Efficiency Top Load Washer in White,http://www.homedepot.com/p/GE-3-9-cu-ft-High-Efficiency-Top-Load-Washer-in-White-GTWN4250DWS/203322223
ENERGY STAR Clothes Washers,521.1,NA,Whirlpool 3.6 cu. ft. High-Efficiency Top Load Washer in White ENERGY STAR,http://www.homedepot.com/p/Whirlpool-3-6-cu-ft-High-Efficiency-Top-Load-Washer-in-White-ENERGY-STAR-WTW4850BW/204307126
ENERGY STAR Clothes Washers,539.1,NA,Frigidaire Affinity 3.4 cu. ft. High-Efficiency Top Load Washer in White ENERGY STAR,http://www.homedepot.com/p/Frigidaire-Affinity-3-4-cu-ft-High-Efficiency-Top-Load-Washer-in-White-ENERGY-STAR-FAHE1011MW/203591999
ENERGY STAR Clothes Washers,539.1,NA,Maytag Centennial 3.8 cu. ft. High-Efficiency Top Load Washer in White ENERGY STAR,http://www.homedepot.com/p/Maytag-Centennial-3-8-cu-ft-High-Efficiency-Top-Load-Washer-in-White-ENERGY-STAR-MVWC425BW/204390564
ENERGY STAR Clothes Washers,539.1,NA,LG Electronics 3.6 cu. ft. High-Efficiency 25 in. W Front Control Top Load Washer in White ENERGY STAR,http://www.homedepot.com/p/LG-Electronics-3-6-cu-ft-High-Efficiency-25-in-W-Front-Control-Top-Load-Washer-in-White-ENERGY-STAR-WT1001CW/204377814
ENERGY STAR Clothes Washers,584.1,NA,Maytag Bravos X 3.8 cu. ft. High-Efficiency Top Load Washer in White ENERGY STAR,http://www.homedepot.com/p/Maytag-Bravos-X-3-8-cu-ft-High-Efficiency-Top-Load-Washer-in-White-ENERGY-STAR-MVWX500BW/204307114
ENERGY STAR Clothes Washers,584.1,NA,Whirlpool Cabrio 3.8 cu. ft. High-Efficiency Top Load Washer in White ENERGY STAR,http://www.homedepot.com/p/Whirlpool-Cabrio-3-8-cu-ft-High-Efficiency-Top-Load-Washer-in-White-ENERGY-STAR-WTW5500BW/204307122
ENERGY STAR Clothes Washers,601.2,NA,Frigidaire Affinity 3.26 cu. ft. High-Efficiency Front Load Washer in White ENERGY STAR,http://www.homedepot.com/p/Frigidaire-Affinity-3-26-cu-ft-High-Efficiency-Front-Load-Washer-in-White-ENERGY-STAR-FAFW3801LW/203518258
ENERGY STAR Clothes Washers,628.2,NA,GE 4.6 DOE cu. ft. Top Load Washer in White ENERGY STAR,http://www.homedepot.com/p/GE-4-6-DOE-cu-ft-Top-Load-Washer-in-White-ENERGY-STAR-GTWN7450DWW/203559654
ENERGY STAR Clothes Washers,629.1,NA,Samsung 4.5 cu. ft. Top Load Washer in White ENERGY STAR,http://www.homedepot.com/p/Samsung-4-5-cu-ft-Top-Load-Washer-in-White-ENERGY-STAR-WA45H7000AW/204838445
ENERGY STAR Clothes Washers,629.1,NA,GE 3.9 DOE cu. ft. Top Load Washer in White ENERGY STAR,http://www.homedepot.com/p/GE-3-9-DOE-cu-ft-Top-Load-Washer-in-White-ENERGY-STAR-GTWN5650FWS/204191640
ENERGY STAR Clothes Washers,629.1,NA,LG Electronics 4.3 cu. ft. High-Efficiency Front Control Top Load Washer in White ENERGY STAR,http://www.homedepot.com/p/LG-Electronics-4-3-cu-ft-High-Efficiency-Front-Control-Top-Load-Washer-in-White-ENERGY-STAR-WT1101CW/203578178
ENERGY STAR Clothes Washers,629.1,NA,Frigidaire Affinity 3.4 cu. ft. High-Efficiency Top Load Washer in White,http://www.homedepot.com/p/Frigidaire-Affinity-3-4-cu-ft-High-Efficiency-Top-Load-Washer-in-White-FAHE4044MW/203592004
ENERGY STAR Clothes Washers,629.1,NA,GE 4.0 cu. ft. High-Efficiency Top Load Washer in White ENERGY STAR,http://www.homedepot.com/p/GE-4-0-cu-ft-High-Efficiency-Top-Load-Washer-in-White-ENERGY-STAR-GTWN4950FWW/204514584
ENERGY STAR Clothes Washers,646.2,NA,Samsung 4.5 cu. ft. High-Efficiency Top Load Washer Energy Star,http://www.homedepot.com/p/Samsung-4-5-cu-ft-High-Efficiency-Top-Load-Washer-Energy-Star-WA45H7200AW/205127450
ENERGY STAR Clothes Washers,646.2,NA,LG Electronics 4.0 DOE cu. ft. High-Efficiency Front Load Washer in White ENERGY STAR,http://www.homedepot.com/p/LG-Electronics-4-0-DOE-cu-ft-High-Efficiency-Front-Load-Washer-in-White-ENERGY-STAR-WM3050CW/204740218
ENERGY STAR Clothes Washers,674.1,NA,Maytag Bravos XL 4.5 cu. ft. High-Efficiency Top Load Washer in White ENERGY STAR,http://www.homedepot.com/p/Maytag-Bravos-XL-4-5-cu-ft-High-Efficiency-Top-Load-Washer-in-White-ENERGY-STAR-MVWB700BW/204307067
ENERGY STAR Clothes Washers,674.1,NA,Maytag 2 cu. ft. High-Efficiency Front Load Washer in White ENERGY STAR,http://www.homedepot.com/p/Maytag-2-cu-ft-High-Efficiency-Front-Load-Washer-in-White-ENERGY-STAR-MHWC7500YW/203367275
ENERGY STAR Clothes Washers,674.1,NA,Whirlpool Cabrio Platinum 4.5 cu. ft. High-Efficiency Top Load Washer in White ENERGY STAR,http://www.homedepot.com/p/Whirlpool-Cabrio-Platinum-4-5-cu-ft-High-Efficiency-Top-Load-Washer-in-White-ENERGY-STAR-WTW8000BW/204307138
ENERGY STAR Clothes Washers,674.1,NA,Whirlpool 2.0 cu. ft. Front Load Washer in White ENERGY STAR,http://www.homedepot.com/p/Whirlpool-2-0-cu-ft-Front-Load-Washer-in-White-ENERGY-STAR-WFC7500VW/203504713
ENERGY STAR Dishwashers,249,NA,Danby 24 in. Countertop Dishwasher in White,http://www.homedepot.com/p/Danby-24-in-Countertop-Dishwasher-in-White-DDW611WLED/203169742
ENERGY STAR Dishwashers,299,NA,Amana Front Control Dishwasher in Black,http://www.homedepot.com/p/Amana-Front-Control-Dishwasher-in-Black-ADB1100AWB/204089741
ENERGY STAR Dishwashers,349,NA,Whirlpool Front Control Dishwasher in White,http://www.homedepot.com/p/Whirlpool-Front-Control-Dishwasher-in-White-WDF310PAAW/203475719
ENERGY STAR Dishwashers,349,NA,Frigidaire Front Control Dishwasher in Black,http://www.homedepot.com/p/Frigidaire-Front-Control-Dishwasher-in-Black-FFBD2411NB/203516474
ENERGY STAR Dishwashers,359.1,NA,Amana Front Control Dishwasher in Stainless Steel,http://www.homedepot.com/p/Amana-Front-Control-Dishwasher-in-Stainless-Steel-ADB1400PYS/203254952
ENERGY STAR Dishwashers,359.1,NA,GE 24 in. Front Control Dishwasher in Black,http://www.homedepot.com/p/GE-24-in-Front-Control-Dishwasher-in-Black-GDF510PGDBB/203604500
ENERGY STAR Dishwashers,359.1,NA,Whirlpool Front Control Dishwasher in Black,http://www.homedepot.com/p/Whirlpool-Front-Control-Dishwasher-in-Black-WDF510PAYB/203482442
ENERGY STAR Dishwashers,386.1,NA,Frigidaire Gallery Built-In Top Control Dishwasher with Blade Spray Arm in White,http://www.homedepot.com/p/Frigidaire-Gallery-Built-In-Top-Control-Dishwasher-with-Blade-Spray-Arm-in-White-FGBD2438PW/204152959
ENERGY STAR Dishwashers,403.2,NA,Samsung 24 in. Front Control Dishwasher in White with Stainless Steel Tub,http://www.homedepot.com/p/Samsung-24-in-Front-Control-Dishwasher-in-White-with-Stainless-Steel-Tub-DW7933LRAWW/203673109
ENERGY STAR Dishwashers,403.2,NA,GE Front Control Dishwasher in Black with Steam Cleaning,http://www.homedepot.com/p/GE-Front-Control-Dishwasher-in-Black-with-Steam-Cleaning-GDF540HGDBB/203488901
ENERGY STAR Dishwashers,404.1,NA,GE 24 in. Front Control Dishwasher in Black with Steam PreWash,http://www.homedepot.com/p/GE-24-in-Front-Control-Dishwasher-in-Black-with-Steam-PreWash-GDF520PGDBB/203604506
ENERGY STAR Dishwashers,404.1,NA,Frigidaire Gallery Front Control Dishwasher in White,http://www.homedepot.com/p/Frigidaire-Gallery-Front-Control-Dishwasher-in-White-FGBD2445NW/203526233
ENERGY STAR Dishwashers,404.1,NA,Danby 18 in. Front Control Dishwasher in White with Stainless Steel Tub,http://www.homedepot.com/p/Danby-18-in-Front-Control-Dishwasher-in-White-with-Stainless-Steel-Tub-DDW1809W-1/204584720
ENERGY STAR Dishwashers,404.1,NA,SPT 18 in. Front Control Portable Dishwasher in White with 8 Place Settings Capacity,http://www.homedepot.com/p/SPT-18-in-Front-Control-Portable-Dishwasher-in-White-with-8-Place-Settings-Capacity-SD-9241W/204627249
ENERGY STAR Dishwashers,422.1,NA,Danby 18 in. Portable Dishwasher in White with 8 Place Setting Capacity,http://www.homedepot.com/p/Danby-18-in-Portable-Dishwasher-in-White-with-8-Place-Setting-Capacity-DDW1899WP-1/204584807
ENERGY STAR Dishwashers,431.1,NA,Maytag JetClean Plus Front Control Dishwasher in Black with Steam Cleaning,http://www.homedepot.com/p/Maytag-JetClean-Plus-Front-Control-Dishwasher-in-Black-with-Steam-Cleaning-MDBH949PAB/203249935
ENERGY STAR Dishwashers,431.1,NA,Danby 18 in. Front Control Dishwasher in Stainless Steel with Stainless Steel Tub,http://www.homedepot.com/p/Danby-18-in-Front-Control-Dishwasher-in-Stainless-Steel-with-Stainless-Steel-Tub-DDW1899BLS-1/204584791
ENERGY STAR Dishwashers,431.1,NA,Maytag JetClean Plus Front Control Dishwasher in White with Steam Cleaning,http://www.homedepot.com/p/Maytag-JetClean-Plus-Front-Control-Dishwasher-in-White-with-Steam-Cleaning-MDB4709PAW/203248205
ENERGY STAR Dishwashers,449,NA,Frigidaire Gallery Built-In Front Control Dishwasher in Stainless Steel,http://www.homedepot.com/p/Frigidaire-Gallery-Built-In-Front-Control-Dishwasher-in-Stainless-Steel-FGBD2434PF/204153051
ENERGY STAR Dishwashers,449.1,NA,Whirlpool Gold Top Control Dishwasher in Black,http://www.homedepot.com/p/Whirlpool-Gold-Top-Control-Dishwasher-in-Black-WDT710PAYB/203524109
ENERGY STAR Dishwashers,449.1,NA,Frigidaire Gallery Front Control Built-In Dishwasher with BladeSpray in Stainless Steel,http://www.homedepot.com/p/Frigidaire-Gallery-Front-Control-Built-In-Dishwasher-with-BladeSpray-in-Stainless-Steel-FGBD2438PF/204151174
ENERGY STAR Dishwashers,449.1,NA,SPT 18 in. Front Control Portable Dishwasher in Stainless Steel with 8 Place Settings Capacity,http://www.homedepot.com/p/SPT-18-in-Front-Control-Portable-Dishwasher-in-Stainless-Steel-with-8-Place-Settings-Capacity-SD-9241SS/204627248
ENERGY STAR Dishwashers,449.1,NA,GE Artistry Top Control Dishwasher in Black with Steam PreWash,http://www.homedepot.com/p/GE-Artistry-Top-Control-Dishwasher-in-Black-with-Steam-PreWash-ADT521PGFBS/204417239
ENERGY STAR Dehumidifiers,199,NA,Hisense Energy Star 50-Pint Dehumidifier,http://www.homedepot.com/p/Hisense-Energy-Star-50-Pint-Dehumidifier-DH-50K1SJE5/204589486?N=5yc1vZc4l8Z2bcq1eZ1z0tlzw
ENERGY STAR Dehumidifiers,219,NA,GE 50-Pint Dehumidifier,http://www.homedepot.com/p/GE-50-Pint-Dehumidifier-ADEL50LR/203661855?N=5yc1vZc4l8Z2bcq1eZ1z0tlzw
ENERGY STAR Dehumidifiers,229,NA,SPT 40-Pint Dehumidifier with ENERGY STAR,http://www.homedepot.com/p/SPT-40-Pint-Dehumidifier-with-ENERGY-STAR-SD-41E/204191445?N=5yc1vZc4l8Z2bcq1eZ1z0tlzw
ENERGY STAR Dehumidifiers,229,NA,Arctic Aire by Danby 50-Pint Dehumidifier,http://www.homedepot.com/p/Arctic-Aire-by-Danby-50-Pint-Dehumidifier-ADR50B1G/204995190?N=5yc1vZc4l8Z2bcq1eZ1z0tlzw
ENERGY STAR Dehumidifiers,229,NA,Frigidaire 50-Pint Dehumidifier,http://www.homedepot.com/p/Frigidaire-50-Pint-Dehumidifier-FAD504DWD/203796607?N=5yc1vZc4l8Z2bcq1eZ1z0tlzw
ENERGY STAR Dehumidifiers,239,NA,Whynter Energy Star 40 Pint Portable Dehumidifier,http://www.homedepot.com/p/Whynter-Energy-Star-40-Pint-Portable-Dehumidifier-RPD-401W/202882628?N=5yc1vZc4l8Z2bcq1eZ1z0tlzw
ENERGY STAR Dehumidifiers,279,NA,DeLonghi 45-Pint Dehumidifier,http://www.homedepot.com/p/DeLonghi-45-Pint-Dehumidifier-DD45E/204418435?N=5yc1vZc4l8Z2bcq1eZ1z0tlzw
ENERGY STAR Dehumidifiers,299,NA,DeLonghi 45-Pint Dehumidifier with Patented Pump,http://www.homedepot.com/p/DeLonghi-45-Pint-Dehumidifier-with-Patented-Pump-DD45PE/204418436?N=5yc1vZc4l8Z2bcq1eZ1z0tlzw
ENERGY STAR Dehumidifiers,299,NA,SPT 50-Pint Dehumidifier with Built in Pump and Energy Star,http://www.homedepot.com/p/SPT-50-Pint-Dehumidifier-with-Built-in-Pump-and-Energy-Star-SD-52PE/204463054?N=5yc1vZc4l8Z2bcq1eZ1z0tlzw
ENERGY STAR Dehumidifiers,329,NA,DeLonghi 50-Pint Dehumidifier with Patented Pump,http://www.homedepot.com/p/DeLonghi-50-Pint-Dehumidifier-with-Patented-Pump-DD50PE/204418434?N=5yc1vZc4l8Z2bcq1eZ1z0tlzw
ENERGY STAR Room Air Conditioners,159,NA,Frigidaire 5000 BTU Window Air Conditioner with Remote,http://www.homedepot.com/p/Frigidaire-5-000-BTU-Window-Air-Conditioner-with-Remote-FRA054XT7/203018646?N=5yc1vZc4luZ1z0tlzw
ENERGY STAR Room Air Conditioners,179,NA,GE 6050 BTU Window Air Conditioner with Remote,http://www.homedepot.com/p/GE-6-050-BTU-Window-Air-Conditioner-with-Remote-AEL06LS/204779462?N=5yc1vZc4luZ1z0tlzw
ENERGY STAR Room Air Conditioners,179,NA,Keystone 5000 BTU 115-Volt Window-Mounted Air Conditioner with Follow Me LCD Remote Control,http://www.homedepot.com/p/Keystone-5-000-BTU-115-Volt-Window-Mounted-Air-Conditioner-with-Follow-Me-LCD-Remote-Control-KSTAW05A/204175014?N=5yc1vZc4luZ1z0tlzw
ENERGY STAR Room Air Conditioners,179,NA,LG Electronics 6000 BTU 115 Volt Window Air Conditioner with Remote,http://www.homedepot.com/p/LG-Electronics-6-000-BTU-115-Volt-Window-Air-Conditioner-with-Remote-LW6014ER/204683971?N=5yc1vZc4luZ1z0tlzw
ENERGY STAR Room Air Conditioners,189,NA,Impecca 6000 BTU Window Air Conditioner with Electronic Remote Control and 24 Hour Timer,http://www.homedepot.com/p/Impecca-6-000-BTU-Window-Air-Conditioner-with-Electronic-Remote-Control-and-24-Hour-Timer-IWA-06KSP/204646958?N=5yc1vZc4luZ1z0tlzw
ENERGY STAR Room Air Conditioners,239,NA,GE 8200 BTU Window Air Conditioner with Remote,http://www.homedepot.com/p/GE-8-200-BTU-Window-Air-Conditioner-with-Remote-AEL08LS/204779519?N=5yc1vZc4luZ1z0tlzw
ENERGY STAR Room Air Conditioners,239,NA,LG Electronics 8000 BTU Window Air Conditioner with Remote,http://www.homedepot.com/p/LG-Electronics-8-000-BTU-Window-Air-Conditioner-with-Remote-LW8014ER/204683972?N=5yc1vZc4luZ1z0tlzw
ENERGY STAR Room Air Conditioners,249,NA,Impecca 8000 BTU Window Air Conditioner with Electronic Controls and Active Carbon Filter,http://www.homedepot.com/p/Impecca-8-000-BTU-Window-Air-Conditioner-with-Electronic-Controls-and-Active-Carbon-Filter-IWA-08KSFP/204647264?N=5yc1vZc4luZ1z0tlzw
ENERGY STAR Room Air Conditioners,299,NA,Impecca 10000 BTU Window Air Conditioner with Electronic Controls and Active Carbon Filter Remote Control,http://www.homedepot.com/p/Impecca-10-000-BTU-Window-Air-Conditioner-with-Electronic-Controls-and-Active-Carbon-Filter-Remote-Control-IWA-10KSFP/204647807?N=5yc1vZc4luZ1z0tlzw
ENERGY STAR Room Air Conditioners,299,NA,LG Electronics 10000 BTU Window Air Conditioner with Remote,http://www.homedepot.com/p/LG-Electronics-10-000-BTU-Window-Air-Conditioner-with-Remote-LW1014ER/204683973?N=5yc1vZc4luZ1z0tlzw
ENERGY STAR Room Air Conditioners,299,NA,GE 10050 BTU Window Air Conditioner with Remote,http://www.homedepot.com/p/GE-10-050-BTU-Window-Air-Conditioner-with-Remote-AEL10AS/204779522?N=5yc1vZc4luZ1z0tlzw
ENERGY STAR Room Air Conditioners,319,NA,LG Electronics 12000 BTU 115v Window Air Conditioner with Remote,http://www.homedepot.com/p/LG-Electronics-12-000-BTU-115v-Window-Air-Conditioner-with-Remote-LW1212ER/203393371?N=5yc1vZc4luZ1z0tlzw
ENERGY STAR Room Air Conditioners,324,NA,Frigidaire 10000 BTU Window Air Conditioner with Remote,http://www.homedepot.com/p/Frigidaire-10-000-BTU-Window-Air-Conditioner-with-Remote-FRA106CV1/203515553?N=5yc1vZc4luZ1z0tlzw
ENERGY STAR Room Air Conditioners,349,NA,LG Electronics 12000 BTU Window Air Conditioner with Remote,http://www.homedepot.com/p/LG-Electronics-12-000-BTU-Window-Air-Conditioner-with-Remote-LW1214ER/204683994?N=5yc1vZc4luZ1z0tlzw
ENERGY STAR Room Air Conditioners,349,NA,GE 12000 BTU Window Air Conditioner with Remote,http://www.homedepot.com/p/GE-12-000-BTU-Window-Air-Conditioner-with-Remote-AEL12AS/204779531?N=5yc1vZc4luZ1z0tlzw
ENERGY STAR Room Air Conditioners,379,NA,Impecca 12000 BTU Window Air Conditioner Electronic Controls and Active Carbon Filter LED Remote Control,http://www.homedepot.com/p/Impecca-12-000-BTU-Window-Air-Conditioner-Electronic-Controls-and-Active-Carbon-Filter-LED-Remote-Control-IWA-12KSFP/204647808?N=5yc1vZc4luZ1z0tlzw
ENERGY STAR Room Air Conditioners,399,NA,GE 14250 BTU Window Air Conditioner with Remote,http://www.homedepot.com/p/GE-14-250-BTU-Window-Air-Conditioner-with-Remote-AEL14AS/204779540?N=5yc1vZc4luZ1z0tlzw
ENERGY STAR Room Air Conditioners,399,NA,LG Electronics 15000 BTU Window Air Conditioner with Remote,http://www.homedepot.com/p/LG-Electronics-15-000-BTU-Window-Air-Conditioner-with-Remote-LW1514ER/204683995?N=5yc1vZc4luZ1z0tlzw
ENERGY STAR Room Air Conditioners,499,NA,LG Electronics 18000 BTU Window Air Conditioner with Remote,http://www.homedepot.com/p/LG-Electronics-18-000-BTU-Window-Air-Conditioner-with-Remote-LW1814ER/204683996?N=5yc1vZc4luZ1z0tlzw
ENERGY STAR Room Air Conditioners,599,NA,GE 18250 BTU Window Air Conditioner with Remote,http://www.homedepot.com/p/GE-18-250-BTU-Window-Air-Conditioner-with-Remote-AEL18DS/204779562?N=5yc1vZc4luZ1z0tlzw
ENERGY STAR Room Air Conditioners,599,NA,GE 24200 BTU Window Air Conditioner with Remote,http://www.homedepot.com/p/GE-24-200-BTU-Window-Air-Conditioner-with-Remote-AEL24DS/204779566?N=5yc1vZc4luZ1z0tlzw
ENERGY STAR Room Air Conditioners,599,NA,LG Electronics 24500 BTU Window Air Conditioner with Remote,http://www.homedepot.com/p/LG-Electronics-24-500-BTU-Window-Air-Conditioner-with-Remote-LW2514ER/204683997?N=5yc1vZc4luZ1z0tlzw
ENERGY STAR Torchieres,24.99,NA,Park Madison Lighting 72 in. Torchiere White Floor Lamp with White Shade,http://www.homedepot.com/p/Park-Madison-Lighting-72-in-Torchiere-White-Floor-Lamp-with-White-Shade-PMF-3127-30/204357302
ENERGY STAR Torchieres,26.99,NA,Park Madison Lighting 72 in. Torchiere Black Floor Lamp with Frosted Shade,http://www.homedepot.com/p/Park-Madison-Lighting-72-in-Torchiere-Black-Floor-Lamp-with-Frosted-Shade-PMF-9169-31/204357653
ENERGY STAR Torchieres,42.5,NA,CAL Lighting 70 in. Black Metal Torchiere with glass shade,http://www.homedepot.com/p/CAL-Lighting-70-in-Black-Metal-Torchiere-with-glass-shade-BO-213-BK/203158767
ENERGY STAR Torchieres,62.7,NA,CAL Lighting 70 in. White Metal Torchiere with glass shade,http://www.homedepot.com/p/CAL-Lighting-70-in-White-Metal-Torchiere-with-glass-shade-BO-213-WH/203158768
ENERGY STAR Torchieres,177.97,NA,ORE International 71.5 in. Brass Torchiere Lamp,http://www.homedepot.com/p/ORE-International-71-5-in-Brass-Torchiere-Lamp-K-4175FTR/203662862
ENERGY STAR Torchieres,199.97,NA,ORE International 71 in. Creamy White Vintage Rose Torchiere Lamp,http://www.homedepot.com/p/ORE-International-71-in-Creamy-White-Vintage-Rose-Torchiere-Lamp-K-4203FTR/203662873
ENERGY STAR Torchieres,352,NA,ORE International Roman Bronze Collection 71 in. Multicolored Decorative Torchiere,http://www.homedepot.com/p/ORE-International-Roman-Bronze-Collection-71-in-Multicolored-Decorative-Torchiere-K-4190FTR/205031896
ENERGY STAR Windows,65,NA,American Craftsman 50 Hopper Basement Vinyl Windows 32 in. x 15 in., White, with LowE Insulated Glass and Screen,http://www.homedepot.com/p/American-Craftsman-50-Hopper-Basement-Vinyl-Windows-32-in-x-15-in-White-with-LowE-Insulated-Glass-and-Screen-50-HOPPER/203157348
ENERGY STAR Windows,83,NA,American Craftsman 70 Slider Buck Vinyl Windows 31 in. x 17 in., White, with LowE Insulated Glass and Screen,http://www.homedepot.com/p/American-Craftsman-70-Slider-Buck-Vinyl-Windows-31-in-x-17-in-White-with-LowE-Insulated-Glass-and-Screen-70-SLIDER-BUCK/203157487
ENERGY STAR Windows,106,NA,American Craftsman 50 Single Hung Fin Vinyl Windows 24 in. x 36 in., White, LowE3 Insulated Glass, Argon Gas, Grilles and Screen,http://www.homedepot.com/p/American-Craftsman-50-Single-Hung-Fin-Vinyl-Windows-24-in-x-36-in-White-LowE3-Insulated-Glass-Argon-Gas-Grilles-and-Screen-50-SH-FIN/203157294
ENERGY STAR Windows,127.96,NA,JELD-WEN Single Hung Vinyl Windows 24 in. x 60 in., White, with LowE3 Glass and Screen,http://www.homedepot.com/p/JELD-WEN-Single-Hung-Vinyl-Windows-24-in-x-60-in-White-with-LowE3-Glass-and-Screen-Sierra-SHG-2050/202035734
ENERGY STAR Windows,120,NA,American Craftsman 50 Single Hung Fin Vinyl Windows 36 in. x 52 in., White, LowE3 Insulated Glass, Argon Gas and Screen,http://www.homedepot.com/p/American-Craftsman-50-Single-Hung-Fin-Vinyl-Windows-36-in-x-52-in-White-LowE3-Insulated-Glass-Argon-Gas-and-Screen-50-SH-FIN/203157286
ENERGY STAR Windows,123,NA,American Craftsman 70 Double Hung Buck Vinyl Windows 24 in. x 36 in., White, with LowE3 Insulated Glass, Argon Gas and Screen,http://www.homedepot.com/p/American-Craftsman-70-Double-Hung-Buck-Vinyl-Windows-24-in-x-36-in-White-with-LowE3-Insulated-Glass-Argon-Gas-and-Screen-70-DH-BUCK/203157360
ENERGY STAR Windows,162.86,NA,JELD-WEN Single Hung Vinyl Windows 30 in. x 48 in., White, with LowE3 Glass Grilles and Screen,http://www.homedepot.com/p/JELD-WEN-Single-Hung-Vinyl-Windows-30-in-x-48-in-White-with-LowE3-Glass-Grilles-and-Screen-Sierra-SHG-GRID-2640/202035744
ENERGY STAR Windows,136.42,NA,JELD-WEN Single Hung Vinyl Windows 30 in. x 36 in., White, with LowE3 Glass and Screen,http://www.homedepot.com/p/JELD-WEN-Single-Hung-Vinyl-Windows-30-in-x-36-in-White-with-LowE3-Glass-and-Screen-Sierra-SHG-2630/202035735
ENERGY STAR Windows,168.14,NA,JELD-WEN Premium Horizontal Sliding Vinyl Windows 48 in. x 36 in., White, with LowE Glass and Screen,http://www.homedepot.com/p/JELD-WEN-Premium-Horizontal-Sliding-Vinyl-Windows-48-in-x-36-in-White-with-LowE-Glass-and-Screen-Prem-SLD-4030/202035698
ENERGY STAR Windows,162.86,NA,JELD-WEN Single Hung Vinyl Windows 36 in. x 60 in., White, with LowE3 Glass and Screen,http://www.homedepot.com/p/JELD-WEN-Single-Hung-Vinyl-Windows-36-in-x-60-in-White-with-LowE3-Glass-and-Screen-Sierra-SHG-3050/202035740
ENERGY STAR Windows,146,NA,American Craftsman 70 Double Hung Fin Vinyl Windows 29.75 in. x 40.75 in., White, LowE3 Insulated Glass, Argon Gas and Screen,http://www.homedepot.com/p/American-Craftsman-70-Double-Hung-Fin-Vinyl-Windows-29-75-in-x-40-75-in-White-LowE3-Insulated-Glass-Argon-Gas-and-Screen-70-DH-FIN/203157319
ENERGY STAR Windows,159,NA,American Craftsman 70 Double Hung Buck Vinyl Windows 32 in. x 38 in., White, LowE3 Insulated Glass, Grilles, Argon Gas and Screen,http://www.homedepot.com/p/American-Craftsman-70-Double-Hung-Buck-Vinyl-Windows-32-in-x-38-in-White-LowE3-Insulated-Glass-Grilles-Argon-Gas-and-Screen-70-DH-BUCK/203157431
ENERGY STAR Windows,157.57,NA,JELD-WEN Sierra Horizontal Sliding Vinyl Windows 60 in. x 36 in., White, with LowE Glass and Screen,http://www.homedepot.com/p/JELD-WEN-Sierra-Horizontal-Sliding-Vinyl-Windows-60-in-x-36-in-White-with-LowE-Glass-and-Screen-Sierra-SLD-5030/202035835
ENERGY STAR Windows,168,NA,American Craftsman 70 Double Hung Fin Vinyl Windows 25.75 in. x 40.75 in., White, LowE3 Insulated Glass, Argon Gas, Grilles and Screen,http://www.homedepot.com/p/American-Craftsman-70-Double-Hung-Fin-Vinyl-Windows-25-75-in-x-40-75-in-White-LowE3-Insulated-Glass-Argon-Gas-Grilles-and-Screen-70-DH-FIN/203157333
ENERGY STAR Windows,194.58,NA,JELD-WEN Sierra Horizontal Sliding Vinyl Windows 72 in. x 36 in., White, with LowE Glass Grille and Screen,http://www.homedepot.com/p/JELD-WEN-Sierra-Horizontal-Sliding-Vinyl-Windows-72-in-x-36-in-White-with-LowE-Glass-Grille-and-Screen-Sierra-SLD-GRID-6030/202035853
ENERGY STAR Windows,194.58,NA,JELD-WEN Sierra Horizontal Sliding Vinyl Windows 72 in. x 48 in., White, with LowE Glass and Screen,http://www.homedepot.com/p/JELD-WEN-Sierra-Horizontal-Sliding-Vinyl-Windows-72-in-x-48-in-White-with-LowE-Glass-and-Screen-Sierra-SLD-6040/202035847
ENERGY STAR Windows,205.16,NA,JELD-WEN Sierra Horizontal Sliding Vinyl Windows 72 in. x 48 in., White, with LowE Glass Grille and Screen,http://www.homedepot.com/p/JELD-WEN-Sierra-Horizontal-Sliding-Vinyl-Windows-72-in-x-48-in-White-with-LowE-Glass-Grille-and-Screen-Sierra-SLD-GRID-6040/202035854
ENERGY STAR Windows,256.52,NA,JELD-WEN Builders Right Hand Aluminum Clad Casement Windows 24-3/4 in. x 36-3/4 in., White with LowE Glass and Screen,http://www.homedepot.com/p/JELD-WEN-Builders-Right-Hand-Aluminum-Clad-Casement-Windows-24-3-4-in-x-36-3-4-in-White-with-LowE-Glass-and-Screen-S62665/202985796
Ceiling Fan with ENERGY STAR Light Fixture,174,NA,Hampton Bay Windward IV 52 in. Indoor Oil Rubbed Bronze Energy Star Ceiling Fan,http://www.homedepot.com/p/Hampton-Bay-Windward-IV-52-in-Indoor-Oil-Rubbed-Bronze-Energy-Star-Ceiling-Fan-26603/202670047
Ceiling Fan with ENERGY STAR Light Fixture,49.97,NA,Hampton Bay Tri-Mount 52 in. Brushed Nickel Energy Star Ceiling Fan,http://www.homedepot.com/p/Hampton-Bay-Tri-Mount-52-in-Brushed-Nickel-Energy-Star-Ceiling-Fan-YG269-BN/203382585
Ceiling Fan with ENERGY STAR Light Fixture,49.97,NA,Hampton Bay Tri-Mount 52 in. White Energy Star Ceiling Fan,http://www.homedepot.com/p/Hampton-Bay-Tri-Mount-52-in-White-Energy-Star-Ceiling-Fan-YG269-WH/202191201
Ceiling Fan with ENERGY STAR Light Fixture,49.97,NA,Hampton Bay Tri-Mount 52 in. Oil Rubbed Bronze Energy Star Ceiling Fan,http://www.homedepot.com/p/Hampton-Bay-Tri-Mount-52-in-Oil-Rubbed-Bronze-Energy-Star-Ceiling-Fan-YG269-ORB/203382587
Ceiling Fan with ENERGY STAR Light Fixture,121.97,NA,Design House Millbridge 52 in. Energy Star Satin Nickel Ceiling Fan,http://www.homedepot.com/p/Design-House-Millbridge-52-in-Energy-Star-Satin-Nickel-Ceiling-Fan-154229/203154146
Ceiling Fan with ENERGY STAR Light Fixture,177,NA,Westinghouse Silverdale 52 in. Brushed Nickel Energy Star Ceiling Fan,http://www.homedepot.com/p/Westinghouse-Silverdale-52-in-Brushed-Nickel-Energy-Star-Ceiling-Fan-7220065/202724909
Ceiling Fan with ENERGY STAR Light Fixture,129.97,NA,Design House Millbridge 52 in. Energy Star Oil Rubbed Bronze Ceiling Fan,http://www.homedepot.com/p/Design-House-Millbridge-52-in-Energy-Star-Oil-Rubbed-Bronze-Ceiling-Fan-154237/203154148
Ceiling Fan with ENERGY STAR Light Fixture,75.17,NA,AireRyder 52 in. Medallion Energy Saving Ceiling Fan Flash Silver,http://www.homedepot.com/p/AireRyder-52-in-Medallion-Energy-Saving-Ceiling-Fan-Flash-Silver-FN52288BS/202594650
Ceiling Fan with ENERGY STAR Light Fixture,179,NA,Hampton Bay Windward 54 in. White Energy Star Ceiling Fan,http://www.homedepot.com/p/Hampton-Bay-Windward-54-in-White-Energy-Star-Ceiling-Fan-55296/202060268
Ceiling Fan with ENERGY STAR Light Fixture,179,NA,Hampton Bay Windward IV 52 in. Indoor Brushed Nickel Energy Star Ceiling Fan,http://www.homedepot.com/p/Hampton-Bay-Windward-IV-52-in-Indoor-Brushed-Nickel-Energy-Star-Ceiling-Fan-26613/202670045
Ceiling Fan with ENERGY STAR Light Fixture,89.97,NA,Hampton Bay Industrial 60 in. Indoor White Energy Star Ceiling Fan,http://www.homedepot.com/p/Hampton-Bay-Industrial-60-in-Indoor-White-Energy-Star-Ceiling-Fan-92856/100015874
Ceiling Fan with ENERGY STAR Light Fixture,99.97,NA,Hampton Bay Industrial 60 in. Indoor Brushed Steel Energy Star Ceiling Fan,http://www.homedepot.com/p/Hampton-Bay-Industrial-60-in-Indoor-Brushed-Steel-Energy-Star-Ceiling-Fan-52869/202670136
Ceiling Fan with ENERGY STAR Light Fixture,199,NA,Hampton Bay Altura 60 in. Indoor/Outdoor Oil Rubbed Bronze Energy Star Ceiling Fan,http://www.homedepot.com/p/Hampton-Bay-Altura-60-in-Indoor-Outdoor-Oil-Rubbed-Bronze-Energy-Star-Ceiling-Fan-52356/203561849
Ceiling Fan with ENERGY STAR Light Fixture,169,NA,Hampton Bay Windward IV 52 in. White Energy Star Ceiling Fan,http://www.homedepot.com/p/Hampton-Bay-Windward-IV-52-in-White-Energy-Star-Ceiling-Fan-26623/202670049
Ceiling Fan with ENERGY STAR Light Fixture,89.97,NA,Hampton Bay Industrial 60 in. Indoor Black Energy Star Ceiling Fan,http://www.homedepot.com/p/Hampton-Bay-Industrial-60-in-Indoor-Black-Energy-Star-Ceiling-Fan-26629/202670138
Ceiling Fan with ENERGY STAR Light Fixture,402.62,NA,Sea Gull Lighting Park Avenue Elite 52 in. White Ceiling Fan,http://www.homedepot.com/p/Sea-Gull-Lighting-Park-Avenue-Elite-52-in-White-Ceiling-Fan-15090BLE-15/203594966
Ceiling Fan with ENERGY STAR Light Fixture,75.17,NA,AireRyder 52 in. Medallion Energy Saving Ceiling Fan Noble Bronze,http://www.homedepot.com/p/AireRyder-52-in-Medallion-Energy-Saving-Ceiling-Fan-Noble-Bronze-FN52288NB/202594651
Ceiling Fan with ENERGY STAR Light Fixture,149,NA,Sahara Fans Ardmore 52 in. Energy Star White Ceiling Fan,http://www.homedepot.com/p/Sahara-Fans-Ardmore-52-in-Energy-Star-White-Ceiling-Fan-10038/202837867
Ceiling Fan with ENERGY STAR Light Fixture,119,NA,Sahara Fans Charleston 52 in. Energy Star White Ceiling Fan,http://www.homedepot.com/p/Sahara-Fans-Charleston-52-in-Energy-Star-White-Ceiling-Fan-10031/202837858
Ceiling Fan with ENERGY STAR Light Fixture,111,NA,AireRyder 52 in. Medallion Outdoor Noble Bronze Energy Star Fan,http://www.homedepot.com/p/AireRyder-52-in-Medallion-Outdoor-Noble-Bronze-Energy-Star-Fan-FN52298NB/202594656
Ceiling Fan with ENERGY STAR Light Fixture,119,NA,Sahara Fans Charleston 52 in. Energy Star Bronze Ceiling Fan,http://www.homedepot.com/p/Sahara-Fans-Charleston-52-in-Energy-Star-Bronze-Ceiling-Fan-10032/202837862
Ceiling Fan with ENERGY STAR Light Fixture,149,NA,Sahara Fans Ardmore 52 in. Energy Star Bronze Ceiling Fan,http://www.homedepot.com/p/Sahara-Fans-Ardmore-52-in-Energy-Star-Bronze-Ceiling-Fan-10039/202837870
Ceiling Fan with ENERGY STAR Light Fixture,119,NA,Sahara Fans Charleston 52 in. Energy Star Aged Brass Ceiling Fan,http://www.homedepot.com/p/Sahara-Fans-Charleston-52-in-Energy-Star-Aged-Brass-Ceiling-Fan-10030/202837855
Ceiling Fan with ENERGY STAR Light Fixture,149,NA,Sahara Fans Ardmore 52 in. Energy Star Brushed Nickel Ceiling Fan,http://www.homedepot.com/p/Sahara-Fans-Ardmore-52-in-Energy-Star-Brushed-Nickel-Ceiling-Fan-10040/202837876
Standard Electric Water Heater to Gas Water Heater,298,NA,Rheem Performance 40 gal. Tall 6 Year 36000 BTU Natural Gas Water Heater,http://www.homedepot.com/p/Rheem-Performance-40-gal-Tall-6-Year-36-000-BTU-Natural-Gas-Water-Heater-XG40T06EC36U0/204298976
Standard Electric Water Heater to Gas Water Heater,429,NA,Rheem Performance 40 gal. Short 6 Year 36000 BTU Natural Gas Water Heater,http://www.homedepot.com/p/Rheem-Performance-40-gal-Short-6-Year-36-000-BTU-Natural-Gas-Water-Heater-XG40S06EC36U0/204298977
Standard Electric Water Heater to Gas Water Heater,498,NA,Rheem Performance 50 gal. Tall 6 Year 38000 BTU Natural Gas Water Heater,http://www.homedepot.com/p/Rheem-Performance-50-gal-Tall-6-Year-38-000-BTU-Natural-Gas-Water-Heater-XG50T06EC38U0/204298978
Standard Electric Water Heater to Gas Water Heater,456,NA,Rheem Performance Plus 50 gal. Tall 9 Year 40000 BTU High Efficiency Natural Gas Water Heater,http://www.homedepot.com/p/Rheem-Performance-Plus-50-gal-Tall-9-Year-40-000-BTU-High-Efficiency-Natural-Gas-Water-Heater-XG50T09HE40U0/204698003
Standard Electric Water Heater to Gas Water Heater,419,NA,Rheem Performance Plus 40 gal. Tall 9 Year 40000 BTU High Efficiency Natural Gas Water Heater,http://www.homedepot.com/p/Rheem-Performance-Plus-40-gal-Tall-9-Year-40-000-BTU-High-Efficiency-Natural-Gas-Water-Heater-XG40T09HE40U0/204698000
Standard Electric Water Heater to Gas Water Heater,629,NA,Rheem EcoSense XR90 29 gal. Tall 6 Year 60000 BTU Natural Gas Water Heater,http://www.homedepot.com/p/Rheem-EcoSense-XR90-29-gal-Tall-6-Year-60-000-BTU-Natural-Gas-Water-Heater-43V30-60-RE6/202959675
Standard Electric Water Heater to Gas Water Heater,427,NA,Rheem Performance 29 gal. Tall 6 Year 32000 BTU Natural Gas Water Heater,http://www.homedepot.com/p/Rheem-Performance-29-gal-Tall-6-Year-32-000-BTU-Natural-Gas-Water-Heater-XG29T06EC32U0/204316657
Standard Electric Water Heater to Gas Water Heater,1399,NA,Rheem EcoSense High Efficiency Power Direct Vent 38 gal. Short 6 Year 40000 BTU Natural Gas Water Heater,http://www.homedepot.com/p/Rheem-EcoSense-High-Efficiency-Power-Direct-Vent-38-gal-Short-6-Year-40-000-BTU-Natural-Gas-Water-Heater-ECORHE40S/203856735
Standard Electric Water Heater to Gas Water Heater,1469,NA,Rheem EcoSense High Efficiency Power Direct Vent 48 gal. Tall 6 Year 40000 BTU Natural Gas Water Heater,http://www.homedepot.com/p/Rheem-EcoSense-High-Efficiency-Power-Direct-Vent-48-gal-Tall-6-Year-40-000-BTU-Natural-Gas-Water-Heater-ECORHE50/203856743
Standard Electric Water Heater to Gas Water Heater,1454,NA,Rheem EcoSense High Efficiency Power Direct Vent 38 gal. Short 6 Year 36000 BTU Liquid Propane Gas Water Heater,http://www.homedepot.com/p/Rheem-EcoSense-High-Efficiency-Power-Direct-Vent-38-gal-Short-6-Year-36-000-BTU-Liquid-Propane-Gas-Water-Heater-ECORHE40SP/203856732